{"cameraMode":{"drawMode":0,"name":"Shaded","section":"Shading Mode"},"sceneLighting":true,"audioPlay":false,"sceneViewState":{"m_AlwaysRefresh":false,"showFog":true,"showSkybox":true,"showFlares":true,"showImageEffects":true,"showParticleSystems":true,"showVisualEffectGraphs":true,"m_FxEnabled":true},"in2DMode":false,"pivot":{"x":293.1085510253906,"y":-232.28172302246095,"z":113.93948364257813},"rotation":{"x":0.2558974623680115,"y":0.5382055640220642,"z":-0.17568936944007874,"w":0.7836366891860962},"size":199.42723083496095,"orthographic":false}