{"cameraMode":{"drawMode":0,"name":"Shaded","section":"Shading Mode"},"sceneLighting":false,"audioPlay":false,"sceneViewState":{"m_AlwaysRefresh":false,"showFog":true,"showSkybox":false,"showFlares":true,"showImageEffects":true,"showParticleSystems":true,"showVisualEffectGraphs":true,"m_FxEnabled":true},"in2DMode":false,"pivot":{"x":0.1821073442697525,"y":-0.47209787368774416,"z":0.336519330739975},"rotation":{"x":-0.011252744123339653,"y":-0.8663161993026733,"z":0.49902474880218508,"w":-0.01949225552380085},"size":0.7778174877166748,"orthographic":false}