{"cameraMode":{"drawMode":0,"name":"Shaded","section":"Shading Mode"},"sceneLighting":false,"audioPlay":false,"sceneViewState":{"m_AlwaysRefresh":false,"showFog":true,"showSkybox":false,"showFlares":true,"showImageEffects":true,"showParticleSystems":true,"showVisualEffectGraphs":true,"m_FxEnabled":true},"in2DMode":false,"pivot":{"x":0.6753572225570679,"y":-0.5343642830848694,"z":-0.18506377935409547},"rotation":{"x":0.06038503721356392,"y":-0.07869798690080643,"z":0.0047592720948159699,"w":0.9950921535491943},"size":0.5025186538696289,"orthographic":false}